"addressid","addressline1","city"
635,"93-2501, Blackfriars Road,",London
638,"255 Irving Street",London
648,"586 Fulham Road,",London
662,Paramount House,London
663,"2524 Barlby Road",London
664,"99-3 Forest Works",London
665,"46-44 Albemarle Street",London
666,"399 Clearing Green",London
667,"997b Tradescant Road",London
670,"7 Garden House Cloisters, 8 Batters",London
671,"25 Hartfield Road, Wimbledon",London
672,"99 Dean Street, Soho",London
673,"Park House-4th Floor, 2516 Park St.",London
674,"67 Vincent Square, Victoria",London
11418,"8138 Golf Club Road",London
11469,"2423 Brookview Dr.",London
11499,"240 Rapallo Lane",London
11503,"9577 Santa Fe",London
11604,"7781 Santa Barbara Rd",London
11630,"3004 Carob Way",London
11660,"4849 C Olivera Rd",London
11664,"9021 Santa Monica Drive",London
11835,"4475 Terra Calitina",London
11838,"6329 El Rancho Drive",London
11839,"9009 W 46th St",London
11896,"4082 Virginia Hills",London
11907,"1105 N. 48th St",London
12050,"3711 Third Ave East",London
12066,"9474 Old Mt. View Drive",London
12125,"4635 Woodside Court",London
12426,"8079 Precipice Drive",London
12479,"2118 Court Lane",London
12504,"2846 Veronica Ct.",London
12565,"2023 Flame Drive",London
12641,"1979 Driving Drive",London
12845,"9120 Springfield Drive",London
12850,"1547 Larkwood Ct.",London
12857,"2669 Clark Creek Rd.",London
12860,"8778 So. Silver Spring",London
12958,"5979 Lynwood Drive",London
13034,"8874 Dallas Drive",London
13037,"8222 Northridge Road",London
13038,"7499 Yolanda Circle",London
13056,"7859 Green Valley Road",London
13062,"3704 Panoramic Drive",London
13085,"7611 Kim Court",London
13135,"5278 Tanager Court",London
13161,"6307 Greenbelt Way",London
13241,"7833 Cook Pkwy",London
13307,"9161 Medina Dr.",London
13351,"1510 Sharon Dr.",London
13395,"3713 Rollingwood Dr.",London
13486,"1531 Birchwood",London
13507,"9 Katherine Drive",London
13519,"6327 Mi Casa Court",London
13565,"1312 Garland Dr.",London
13636,"8307 Monument Blvd.",London
13826,"407 Redbird Lane",London
13918,"4612 A St.",London
13933,"4240 El Campo Ct",London
13957,"4060 Roundtree Court",London
13971,"9027 Lancelot Dr",London
13992,"544 Magda Way",London
13995,"5000 Brown Dr.",London
13997,"7638 Diokmo Ct.",London
14023,"302 Camelback Ct.",London
14190,"3655 Sodaro Dr.",London
14249,"2187 S. Rising Ave",London
14265,"487 Ash Lane",London
14300,"3521 Fourth St.",London
14335,"6628 Ranch Drive",London
14486,"1828 Mt. Orange Place",London
14500,"2128 Evelyn Court",London
14572,"6913 Island Drive",London
14692,"1172 Flamingo Dr.",London
14706,"566 Greer Ave",London
14793,"1227 Wesley Court",London
14801,"7398 Winter Lane",London
14807,"8858 V. Street",London
14813,"1510 Bidwell Street",London
14825,"3854 Perry Way",London
14874,"7086 O St.",London
14910,"2660 St George Dr",London
14977,"6053 Frisbie Court",London
15019,"715 Pheasant Circle",London
15057,"4407 Hobby Court",London
15121,"3287 Trees Dr.",London
15186,"5018 Rio Blanco Dr.",London
15241,"4949 West Slough Rd",London
15269,"8781 Valley Crest Drive",London
15316,"3754 Olive Ave.",London
15362,"9875 Pheasant Drive",London
15407,"2075 Browse Ct",London
15435,"6740 11th St. NE",London
15476,"7922 Rancho View Drive",London
15514,"6208 ViewPoint Court",London
15576,"560 Highland Drive",London
15628,"8980 Sea Ranch Ct",London
15675,"4776 Kentucky Drive",London
15724,"6189 Stonewood Ct.",London
15805,"7680 Ashwood Dr",London
15818,"4839 Belle Dr",London
15871,P.O. Box 9178,London
15874,"9312 Virginia Hills Drive",London
15913,"9667 Argonne Drive",London
15942,"438 Mt. Etna",London
15950,"3484 Springer Court",London
16044,"3723 Coach Pl.",London
16045,"6082 Trafalgar Circle",London
16046,"4155 Star Dr",London
16056,"7053 Laurel Dr.",London
16109,"2974 Yolanda Circle",London
16120,"7129 Corte Bonita",London
16136,"4067 Sandiago Drive",London
16257,"3879 Longview Rd.",London
16312,"4865 Rivewview",London
16361,"6900 Bellord Ct.",London
16366,"1775 Chocolate Court",London
16370,"9845 Barberry Court",London
16407,"8539 Glaze Dr.",London
16429,"840 Charlotte Ave.",London
16477,"5760 Las Palmas",London
16512,"9838 Westchester Pl.",London
16534,"7098 Walnut Blvd.",London
16602,"1760 Double Court",London
16681,"4012 Lime Ridge Drive",London
16728,"6469 Climbing Dr.",London
16842,"7079 Green Leaf Drive",London
16856,"5959 C Olivera Rd",London
16876,"5174 Ham Court",London
17000,"3410 Meadowbrook Dr.",London
17011,"7084 Catanzaro Way",London
17038,"1019 Mt. Davidson Court",London
17057,"3949 Fillet Ave.",London
17082,"5456 Old Oak Drive",London
17093,"5524 Virgil St",London
17096,"112 Kathleen Drive",London
17242,"8624 Pepper Way",London
17286,"9680 Hungry Road",London
17306,"3817 Green Hill Rd.",London
17358,"1538 Golden Meadow",London
17370,"594 Tossing Way",London
17415,"4771 Kenston Dr",London
17463,"444 Northstar Drive",London
17502,"8219 Orangewood Rd.",London
17625,"8375 Ambush Dr..",London
17631,"3477 Mt. Washington Way",London
17676,"8624 Valley Blvd.",London
17788,"9796 Virgil St.",London
17848,"3639 Blackridge Drive",London
17850,"6140 Scenic Drive",London
17917,"3982 Ram Circle",London
17943,"4535 Walnut Blvd.",London
17946,"7281 Running Springs Rd.",London
17965,"3260 Marsh Meadow Way",London
18031,"891 Melinda Court",London
18077,"4207 Madrid Lane",London
18089,"5549 Bluejay Dr.",London
18100,"1676 Valley Crest Drive",London
18145,"4679 Cardinal Dr",London
18200,"3394 Near Drive",London
18213,"9774 Maywood Lane",London
18300,"7942 C Mt. Hood",London
18327,"9997 Montgomery Ave.",London
18488,"5170 Isabel Dr",London
18539,"5225 Harbor View Dr",London
18624,"7645 Ranch Road",London
18630,"4443 Virginia Lane",London
18633,"3322 Haven Hill Drive",London
18681,"2590 Concord",London
18684,"7959 Mt. Wilson Way",London
18692,"968 Davis Ave",London
18702,"2529 Clear Court",London
18769,"9057 Palms Dr.",London
18771,"4817 Crow St.",London
18812,"8310 Atchinson Stage Ct",London
18862,"9505 Hargate Court",London
19000,"4421 Alderwood Lane",London
19035,"5818 San Rafael",London
19069,"9678 Redlands Way",London
19091,"9297 Kenston Dr.",London
19154,"1504 Conifer Court",London
19202,"8683 San Antonio",London
19260,"5457 Woodcrest Dr.",London
19296,"8132 Twincreek Ct",London
19355,"1692 Detroit Ave",London
19397,"6928 Woodland Drive",London
19452,"9497 Candelero Place",London
19453,"8671 Westwood Lane",London
19456,"244 Willow Pass Road",London
19497,"416 Tupelo Drive",London
19599,"6558 Nulty Drive",London
19627,"4055 Hitchcock",London
19661,"6092 Chestnut",London
19789,"9643 Willow Pass Road",London
19791,"7189 Sherry Circle",London
19811,"1293 F Street",London
19816,"5900 May Rd",London
19824,"6888 Niagara Court",London
19830,"4396 Greystone Dr",London
19909,"4827 Seawind Dr.",London
20056,"2318 Pleasant Circle",London
20072,"2760 Vista Way",London
20108,"9000 Adobe St",London
20129,"6769 Seabourne Ct.",London
20136,"7514 Laguna St.",London
20157,"217 Ramsay Circle",London
20210,"1040 Northridge Road",London
20220,"1528 Marlene Drive",London
20225,"1978 Medina Dr.",London
20293,"5242 Miguel Drive",London
20338,"8859 Reliz Valley Road",London
20420,"359 Shepberry Court",London
20483,"5994 El Capitan",London
20523,"3156 Crystal Avenue",London
20528,"8992 E. 32nd St.",London
20535,"3623 Barquentine Court",London
20691,"1246 Amaryl Drive",London
20753,"60 Reliz Valley Road",London
20786,"745 Harvey Way",London
20810,"9312 Algiers Dr.",London
20861,"1817 Hilltop Rd",London
20895,"622 Medina Dr.",London
20897,"3177 Lincoln Drive",London
20905,"2235 Craig Drive",London
20912,"109 Clayton Road",London
20929,"9067 Indigo Ct.",London
20966,"2697 Mt. Everest Ct.",London
20985,"9489 Anderson Way",London
21098,"6021 Ellis St.",London
21220,"284 Hidden Oak Ct",London
21231,"6344 St Paul Way",London
21241,"3782 Sweetwater Drive",London
21351,"5167 Oakmead",London
21352,"4429 Deermeadow Way",London
21377,"3350 Northridge Road",London
21438,"6199 Mcelroy",London
21456,"621 Brandywine Way",London
21464,"342 Summerfield Dr.",London
21468,"2546 Fawn Glen Circle",London
21522,"9088 Ironwood Way",London
21555,"8089 Mariposa Ct.",London
21597,"1374 Boatwright Dr.",London
21602,"2625 Pacheco St",London
21638,"2733 Del Mar Ave.",London
21641,"8634 Sinaloa",London
21684,"3964 Stony Hill Circle",London
21694,"8606 Mendocino Dr.",London
21733,"2141 Del Monte Ct.",London
21752,"4970 B Way",London
21769,"4789 Estrada",London
21772,"4645 Rossmor Parkway",London
21804,"1780 Abbey Court",London
21881,"3923 Montgomery Ave.",London
21985,"1141 Panoramic Dr.",London
22025,"170 Minert Rd.",London
22047,"6171 Kinross Drive",London
22077,"4987 Westover Dr.",London
22082,"9199 Park Glenn",London
22130,"5307 Wildberry Court",London
22176,"3574 Scenic Ct",London
22182,"512 Palms Dr",London
22316,"6239 Monti Dr.",London
22330,"2759 San Gabriel Dr.",London
22425,"6703 Corte Poquito",London
22501,"4833 Kirkwood Drive",London
22510,"7479 Ellis Street",London
22559,"1085 Ash Lane",London
22576,"7936 Sterling Hill",London
22662,"8720 Orth Larwin Ave",London
22665,"5498 Treat Blvd.",London
22694,"199 Buskirk Ave",London
22760,"7444 Cherokee Drive",London
22882,"7357 Scottsdale Road",London
22930,"9401 Columbia River Ct",London
22982,"6780 Ware Ct.",London
22993,"3083 Boatwright Dr.",London
23072,"3197 Thornhill Place",London
23102,"6512 Bola Raton Court",London
23110,"3238 Laguna Circle",London
23179,"4583 Tice",London
23369,"6453 Castle Hill Road",London
23454,"7113 Eastgate Ave.",London
23458,"1097 Kulani Lane",London
23471,"5445 Tice Valley Blvd.",London
23569,"396 North Ridge Dr.",London
23609,"3332 Walnut Blvd.",London
23647,"9716 Holiday Hills Drive",London
23673,"360 Vista Way",London
23704,"4911 Leonard Ct.",London
23742,"1394 Firestone",London
23787,"4305 Geriola Court",London
23820,"4770 Blue Jay Drive",London
23872,"2537 I St.",London
23917,"5979 Leisure Lane",London
23950,"729 Trembath Court",London
23956,"672 Chrisland Court",London
23970,"3941 Teakwood Dr",London
23975,"6345 Dartmouth Way",London
24043,"2319 Hilltop Dr.",London
24062,"1299 Carpetta Circle",London
24084,"7342 Pueblo Dr.",London
24135,"7437 Jason Ct",London
24187,"5901 F Mt Hood Circle",London
24206,"1277 Juniper Drive",London
24238,"892 Southbrook Drive",London
24278,"1724 The Trees Drive",London
24300,"2253 Bel Air Dr.",London
24316,"1686 Lavere Way",London
24571,"5690 Morgan Territory Rd",London
24573,"8836 First Ave.",London
24644,"5279 Glenwood Dr.",London
24681,"1226 Linden Lane",London
24799,"2941 San Anton Lane",London
24844,"6797 Almondtree Circle",London
24866,"9443 Lacanda Ct.",London
24922,"9491 Toyon Dr",London
24958,"797 Seascape Circle",London
25024,"9549 Jomar Drive",London
25026,"8887 Entrada Circle",London
25050,"1099 C Street",London
25076,"2813 A St.",London
25100,"1336 Terrace Road",London
25160,"5598 Mt. Palomar Pl.",London
25167,"70 Tobi Drive",London
25196,"5665 Maywood Lane",London
25222,"8066 Peach Place",London
25349,"4021 Raymond Dr",London
25378,"7736 Sunnybrook Drive",London
25396,"6206 Heavenly Drive",London
25412,"5274 Harvey Way",London
25430,"9838 Stallion Way",London
25489,"8154 Pheasant Circle",London
25592,"7660 Willow Creek Ct.",London
25599,"4598 Manila Avenue",London
25634,"4414 Marion Ct.",London
25695,"811 Mcneil Place",London
25700,"5256 Chickpea Ct.",London
25782,"792 Greendell Rd.",London
25792,"7284 Golf Club Road",London
25795,"9252 Lindell Dr.",London
25808,"3708 Lenox Ct",London
25816,"1050 Creed Ave",London
25968,"3848 East 39th Street",London
25977,"136 Balboa Court",London
25994,"5023 Orangewood Court",London
26025,"9233 Del Rey St.",London
26064,"5925 Rain Drop Circle",London
26072,"6445 Heartwood Drive",London
26091,"9996 Asilomaar Dr.",London
26127,"1873 Lyon Circle",London
26136,"8396 Ruth Drive",London
26264,"5051 Teakwood Dr",London
26355,"539 Rolling Green Circle",London
26420,"1374 Wightman Lane",London
26540,"2577 Dover Way",London
26560,"1206 San Simeon Drive",London
26571,"1739 Sun View Terr",London
26583,"1992 La Vista Ave.",London
26608,"5627 Tanager Road",London
26624,"7923 Prospect St.",London
26677,"4046 Maywood Lane",London
26692,"8370 Acardia Pl.",London
26716,"6183 Pinecrest Rd.",London
26778,"4616 Cordova Way",London
26811,"9828 Larch Ct",London
26886,"1658 Stonyhill Circle",London
26923,"6813 Morning Way",London
26992,"2676 Santa Fe Street",London
27034,"7262 Pepperidge Way",London
27071,"2839 Stinson",London
27116,"5183 Hames Drive",London
27132,"6647 McDandy St.",London
27133,"3355 Carpetta Circle",London
27206,"9659 Walnut Blvd",London
27240,"8848 Auburn",London
27260,"2526 N Willow Glen Court",London
27339,"5004 Mazatlan",London
27341,"4243 Willow Creek Ct",London
27374,"3769 Loma Linda",London
27376,"399 Orange Street",London
27438,"6745 Salem St",London
27474,"5284 Dumbarton Dr.",London
27477,"9864 Bates Court",London
27540,"4161 Willow Lake Rd.",London
27639,"9121 Pinnacle Drive",London
27652,"1055 Horseshoe Road",London
27735,"5878 East L Street",London
27762,"6466 Appia Ct.",London
27777,"3582 Schenone Court",London
27897,"5074 Ulfinian Way",London
27969,"2237 Buena Vista Ave.",London
27984,"7341 Rockne Drive",London
28020,"6102 Lakeview Place",London
28065,"3061 Arcadia Pl.",London
28121,"1433 C Mt. Hood Crest",London
28187,"673 Old Mountain View Dr.",London
28194,"8942 Sierra Road",London
28220,"8168 Lorie Lane",London
28261,"9891 Clayton Way",London
28297,"2988 Wightman Lane",London
28331,"4909 Poco Lane",London
28346,"3014 Stanford Street",London
28386,"590 Raven Court",London
28418,"3272 Ryan Court",London
28448,"5004 Santa Rita Dr",London
28457,"5194 Mendouno Dr",London
28528,"8696 Whitehaven Dr",London
28674,"1005 Valley Oak Plaza",London
28699,"4824 Kirkwood Ct.",London
28726,"9055 Calafia Ave",London
28837,"7496 Deerfield Dr.",London
28839,"528 Walter Way",London
28956,"4371 Erie Dr.",London
28982,"4750 Bay View Dr.",London
29018,"865 Oak Rd.",London
29021,"6999 Indianhead Ct.",London
29039,"2360 St. George Court",London
29180,"5764 Atherton Avenue",London
29206,"6518 Wilke Drive",London
29223,"5753 Megan Dr.",London
29323,"6155 Hawkridge Terr.",London
29326,"526 Oak Street",London
29505,"7 Paso Nogal",London
29550,"2367 Vancouver Way",London
29571,"4393 Chianti Pl.",London
29650,"209 Mobile Lane",London
29654,"8600 Jomar",London
29660,"4808 Bon Homme Way",London
29669,"4510 Terry Lynn Lane",London
29720,"237 Ashley Way",London
29777,"5407 Oakgrove",London
29821,"7874 Santa Barbara Rd.",London
29878,"5077 Bannock Ct.",London
