"customerid","store_name"
1,A Bike Store
2,Progressive Sports
3,Advanced Bike Components
4,Modular Cycle Systems
5,Metropolitan Sports Supply
6,Aerobic Exercise Company
7,Associated Bikes
8,Exemplary Cycles
9,Tandem Bicycle Store
10,Rural Cycle Emporium
11,Sharp Bikes
12,Bikes and Motorbikes
13,Country Parts Shop
14,Bicycle Warehouse Inc.
15,Budget Toy Store
16,Bulk Discount Store
17,Trusted Catalog Store
18,Catalog Store
19,Center Cycle Shop
20,Central Discount Store
21,Chic Department Stores
22,Travel Systems
23,Bike World
24,Eastside Department Store
25,Coalition Bike Company
26,Stylish Department Stores
27,Sports Sales and Rental
28,Commuter Bicycle Store
29,Cross-Country Riding Supplies
30,Cycle Merchants
31,Wheels Inc.
32,Precision Gears Inc.
33,Global Sports Outlet
34,Cycles Wholesaler & Mfg.
35,Economic Parts Supply
36,Exotic Bikes
37,Two Bike Shops
38,Finer Mart
39,Fitness Hotel
40,Journey Sporting Goods
41,Distant Inn
42,Healthy Activity Store
43,Frugal Bike Shop
44,Games and Sport Supply Company
45,Every Bike Shop
46,Gear-Shift Bikes Limited
47,Greater Bike Store
48,Grand Industries
49,Neighborhood Bicycle Storehouse
50,Hometown Riding Supplies
51,Ideal Components
52,Instruments and Parts Company
53,Incomparable Bicycle Store
54,Larger Cycle Shop
55,Kickstands and Accessories Company
56,Latest Accessories Sales
57,Leading Sales & Repair
58,Largest Bike Store
59,Locks Company
60,Main Bicycle Services
61,Many Bikes Store
62,Manufacturers Inc
63,Metro Bike Mart
64,Metal Clearing House
65,Metro Manufacturing
66,Neighborhood Store
67,Self-Contained Cycle Parts Company
68,North Bike Company
69,Online Bike Catalog
70,Outdoor Aerobic Systems Company
71,Outdoor Distributors
72,Outdoor Equipment Store
73,Outdoor Sports Supply
74,Parcel Express Delivery Service
75,Paint Supply
76,Out-of-the-Way Hotels
77,Mechanical Products Ltd.
78,Preferred Bikes
79,Reasonable Bicycle Sales
80,Racks and Security Systems
81,Rally Day Mall
82,Refined Department Stores
83,Requisite Part Supply
84,Rewarding Activities Company
85,Roadway Bicycle Supply
86,Bicycle Exporters
87,Rich Department Store
88,Closest Bicycle Store
89,Riverside Company
90,Sales and Supply Company
91,Scooters and Bikes Store
92,Sports Commodities
93,Stationary Bikes and Stands
94,Specialty Sports Store
95,Rural Department Store
96,More Bikes!
97,Mountain Bike Center
98,Superlative Bikes
99,Unified Sports Company
100,Up-To-Date Sports
101,Urban Sports Emporium
102,National Manufacturing
103,The Bike Outlet
104,Very Best Sports Supply
105,Volume Bike Sellers
106,West Side Mart
107,Wholesale Bikes
108,Wheelsets Storehouse
109,Travel Sports
110,Vintage Sport Boutique
111,Westside Cycle Store
112,Town Industries
113,Trendy Department Stores
114,Two Wheels Cycle Store
115,Security Racks and Locks Wholesalers
116,Retirement Activities Association
117,Pedals Warehouse
118,Rapid Bikes
119,Red Bicycle Company
120,Machines & Cycles Store
121,Metro Sports Equipment
122,Off-Price Bike Center
123,First Supplies
124,Nearby Sporting Goods
125,Immediate Repair Shop
126,Famous Bike Sales and Service
127,Front Sporting Goods
128,Demand Distributors
129,Discount Bicycle Specialists
130,Elite Bikes
131,Eighth Bike Store
132,Another Sporting Goods Company
133,Commercial Sporting Goods
134,Budget Bike Company
135,Wonderful Bikes Inc.
136,Wholesale Parts
137,Transportation Options
138,South Bike Company
139,Steel Inc.
140,Teen Discount Store
141,Rental Gallery
142,Riding Cycles
143,Modern Bike Store
144,Only Bikes and Accessories
145,Raw Materials Inc
146,Latest Sports Equipment
147,Local Hardware Factory
148,Lots of Bikes Storehouse
149,Initial Bike Company
150,Fleet Bikes
151,Futuristic Bikes
152,Distance Bikes
153,Widget Bicycle Specialists
154,Camping and Sports Store
155,Corner Bicycle Supply
156,Metal Processing Company
157,Ace Bicycle Supply
158,Rural Sporting Goods
159,Uncompromising Quality Co
160,Vigorous Sports Store
161,Weekend Tours
162,Tire Company
163,Sports Merchandise
164,Suburban Cycle Shop
165,Third Bike Store
166,Fitness Toy Store
167,Farthermost Bike Shop
168,Economy Bikes Company
169,Downtown Hotel
170,Excellent Riding Supplies
171,Eighty Toy Stores
172,Certified Sports Supply
173,Sundry Sporting Goods
174,Toy Manufacturing Inc
175,Registered Cycle Store
176,Rodeway Bike Store
177,Plastic Products Manufacturers
178,Rampart Amusement Company
179,Fourth Bike Store
180,Full-Service Bike Store
181,Family Entertainment Center
182,Another Bicycle Company
183,This Area Sporting Goods
184,Go-cart and Bike Specialists
185,Weekend Bike Tours
186,Thrilling Bike Tours
187,Trailblazing Sports
188,Variety Bike Outlet
189,Principal Bicycle Supply
190,Racing Partners
191,Non-Slip Pedal Company
192,Nuts and Bolts Mfg.
193,Perfect Toys
194,Mechanical Brake Manufacturers
195,Inexpensive Parts Shop
196,Exhibition Showroom
197,"Fabrikam Inc., West"
198,Field Trip Inc
199,Authorized Bike Sales and Rental
200,Basic Bike Company
201,Unsurpassed Bikes
202,Two-Seater Bikes
203,Separate Parts Corporation
204,Traction Tire Company
205,Rally Master Company Inc
206,New and Used Bicycles
207,Lubricant and Grease Suppliers
208,Professional Cyclists
209,Purple Bicycle Company
210,Gasless Cycle Shop
211,Sports Products Store
212,Enterprise Center
213,Fast Bike Works
214,Exclusive Bicycle Mart
215,Eleventh Bike Store
216,Painters Bicycle Specialists
217,City Manufacturing
218,Sure & Reliable Sporting Goods
219,Extras Sporting Goods
220,Best o' Bikes
221,Bike Dealers Association
222,Sample Bike Store
223,Paints and Solvents Company
224,Pedal Systems Company
225,Optimal Bikes
226,Leisure Activities
227,"Health Spa, Limited"
228,Home Town Bike Store
229,Instant Cycle Store
230,Global Bike Retailers
231,Helmets and Cycles
232,Exceptional Cycle Services
233,Fashionable Department Stores
234,Eastside Sporting Goods
235,Certified Bicycle Supply
236,Closeout Boutique
237,Client Discount Store
238,A Great Bicycle Company
239,Bicycle Merchandise Warehouse
240,Wire Baskets and Parts
241,Vale Riding Supplies
242,Spoke Manufacturers
243,Recreation Supplies
244,Retail Discount Store
245,Leather Seat Factory
246,Large Bike Shop
247,Major Amusement Company
248,Good Bicycle Store
249,Helpful Sales and Repair Service 
250,Express Bike Services
251,Endurance Bikes
252,Classic Cycle Store
253,Roving Sports
254,Safe Cycles Shop
255,Swift Cycles
256,Rental Bikes
257,Number 1 Supply
258,Quantity Discounts
259,Highway Bike Shop
260,Industrial Supplies
261,Functional Store North
262,General Industries
263,Farthest Bike Store
264,Fasteners & Bolts Outlet
265,Full Sports Supply
266,Excellent Bikes
267,Cycle Parts and Accessories
268,Channel Outlet
269,Curbside Universe
270,Active Transport Inc.
271,Alternative Vehicles
272,Metro Cycle Shop
273,A Typical Bike Shop
274,Active Systems
275,Outdoor Sporting Goods
276,Thrifty Parts and Sales
277,The Bicycle Accessories Company
278,Tread Industries
279,Reliable Brake Systems
280,Standard Bikes
281,Petroleum Products Distributors
282,Quick Parts and Service
283,Racing Supply Distributors
284,Nearby Bike Mall
285,Nearest Bike Store
286,Number One Bike Co.
287,Handy Bike Services
288,Kickstand Sellers
289,Moderately-Priced Bikes Store
290,Friendly Bike Shop
291,Grand Bicycle Stores
292,Grease and Oil Products Company
293,Fashionable Bikes and Accessories
294,Flawless Bike Shop
295,Engineered Bike Systems
296,Extreme Toy Store
297,Blue-Ribbon Bike Company
298,City Cycling
299,Citywide Service and Repair
300,Nice Bikes
301,Rural Mountain Bike Mart
302,Best Cycle Store
303,Seaside Bike Works
304,Essential Bike Works
305,Professional Sporting Goods
306,Work and Play Association
307,Riding Associates
308,Rugged Bikes
309,The Gear Store
310,Orange Bicycle Company
311,Principal Bike Company
312,Resale Services
313,Metropolitan Manufacturing
314,One-Piece Handle Bars
315,Juvenile Sports Equipment
316,Low Price Cycles
317,Finer Riding Supplies
318,First-Rate Outlet
319,Cycles Sales and Repair
320,Amalgamated Parts Shop
321,Second Bike Shop
322,Tachometers and Accessories
323,Metro Bike Works
324,A Bicycle Association
325,All Cycle Shop
326,Year-Round Sports
327,World of Bikes
328,Totes & Baskets Company
329,"Unicycles, Bicycles, and Tricycles"
330,The New Bike Store
331,Technical Parts Manufacturing
332,Topnotch Bikes
333,Resident Cycle Shop
334,Retreat Inn
335,Scratch-Resistant Finishes Company
336,Primary Bike Distributors
337,Recreation Toy Store
338,Rambling Tours
339,Major Bicycle Store
340,Nearby Cycle Shop
341,Independent Outlet
342,Leather and Vinyl Manufacturing
343,Mail-Order Outlet
344,Fifth Bike Store
345,Genial Bike Associates
346,Great Bicycle Supply
347,Bike Universe
348,Bold Bike Accessories
349,Exercise Center
350,Mountain Emporium
351,Acclaimed Bicycle Company
352,Twelfth Bike Store
353,Two-Wheeled Transit Company
354,Serious Cycles
355,Spare Parts Co.
356,Speedometer Sales
357,Quality Bike Sales
358,Mail Market
359,Mechanical Sports Center
360,Novelty Bikes
361,Fitness Supplies
362,Grand Cycle Store
363,Immense Manufacturing Company
364,District Mall
365,Distinctive Store
366,Extended Bike Sales
367,Brown Bicycle Company
368,Elemental Sporting Goods
369,Distinctive Cycles Sales & Service
370,Acceptable Sales & Service
371,Custom Sales and Service
372,Top Bike Market
373,Township Inn
374,Major Equipment Co
375,Region Bike Company
376,Commerce Bicycle Specialists
377,Grand Sport Boutique
378,Grown-up Bike Store
379,Fad Outlet
380,First Department Stores
381,Bicycle Lines Distributors
382,Beneficial Exercises and Activities
383,Vehicle Shop
384,Sparkling Paint and Finishes
385,Sturdy Toys
386,Touring Services
387,Racing Association
388,Road Way Sales and Rental
389,Sixth Bike Store
390,Plastic Parts Company
391,Pretty Bikes and Toys
392,Primary Cycle Shop
393,Gears and Parts Company
394,Little Sports Center
395,Online Bike Sellers
396,Executive Gift Store
397,Capable Sales and Service
398,Commendable Bikes
399,Big Cycle Mall
400,Local Sales and Rental
401,Brightwork Company
402,Pro Sporting Goods
403,Affordable Sports Equipment
404,Activity Center
405,Sporting Goods and Bicycle Shop
406,The Commissary
407,Workout Emporium
408,Odometers and Accessories Company
409,Outdoor Toy Store
410,Pedaling Components
411,Kids and Adults Cycle Shop
412,Leisure Clearing House
413,Margie's Travel
414,Grand Discount Store
415,Imaginary Toys
416,Impromptu Trips
417,Genuine Bike Shop
418,Good Bike Shop
419,Exertion Activities Club
420,Extreme Riding Supplies
421,Fitness Cycling
422,Consolidated Sales
423,Bike Rims Company
424,Bikes for Two
425,Bikes for Kids and Adults
426,Custom Accessories Company
427,Atypical Bike Company
428,West Wind Distributors
429,Unusual Bicycle Company
430,Uttermost Bike Shop
431,Small Cycle Store
432,Super Sports Store
433,Thorough Parts and Repair Services
434,Road-Way Mart
435,Satin Finish Company
436,Sheet Metal Manufacturing
437,Professional Cycle Store
438,Remarkable Bike Store
439,Regional Manufacturing
440,Hobby Store
441,Leading Bike Distributors
442,Original Bicycle Supply Company
443,Courteous Bicycle Specialists
444,Finer Cycle Shop
445,First Center
446,Fitness Toys
447,Cross-town Parts Shop
448,Action Bicycle Specialists
449,Bike Products and Accessories
450,Bikes Anyone?
451,Roadway Bike Emporium
452,A Cycle Shop
453,Unique Bikes
454,Sleek Bikes 
455,Timely Shipping Service
456,Riding Excursions
457,Retail Sporting Equipment
458,Simple Bike Parts
459,Parts Shop
460,Price-Cutter Discount Bikes
461,Active Life Toys
462,General Riding Supplies
463,Brand New Bikes
464,Educational Services
465,Expert Cycle Store
466,Central Bicycle Specialists
467,The Cycle Store
468,Blue Bicycle Company
469,Vast Bike Sales and Rental
470,Wingtip Toys
471,Social Activities Club
472,Summer Sports Place
473,Racing Toys
474,Retail Cycle Shop
475,Real Sporting Goods
476,Noiseless Gear Company
477,Quitting Business Distributors
478,Major Cycling
479,General Supplies
480,General Bike Corporation
481,Getaway Inn
482,"Fabrikam Inc., East"
483,Fitness Bike Accessories
484,Downhill Bicycle Specialists
485,Clamps & Brackets Co.
486,Convenient Bike Shop
487,Bike Experts
488,Bicycle Accessories and Kits
489,Cash & Carry Bikes
490,Extraordinary Bike Works
491,Area Bike Accessories
492,Basic Sports Equipment
493,Valley Bicycle Distributors
494,Worthwhile Activity Store
495,Tough and Reliable Parts
496,Top Sports Supply
497,Valley Toy Store
498,Quick Delivery Service
499,Racing Sales and Service
500,Irregulars Outlet
501,Jumbo Bikes
502,Metropolitan Bicycle Supply
503,Metropolitan Sales and Rental
504,Historic Bicycle Sales
505,Honest Repair Service
506,Great Bikes 
507,Global Sporting Goods
508,Designer Department Stores
509,Fun Toys and Bikes
510,World Bike Discount Store
511,Wheel Gallery
512,Tiny Bike Boutique
513,Village Tours
514,Retail Mall
515,Rural Bicycle Supply
516,Seats and Saddles Company
517,Racing Store
518,Regional Cycle Shop
519,List Price Catalog Company
520,Metro Metals Co.
521,Mobile Outlet
522,Small Bike Accessories Shop
523,Futuristic Sport Distributors
524,Chain and Chain Tool Distributions
525,Cycles and Scooters
526,Finer Sales and Service
527,Fun Times Club
528,Alpine Ski House
529,Big-Time Bike Store
530,Valuable Bike Parts Company
531,Sunny Place Bikes
532,The Showroom
533,Tenth Bike Store
534,Recommended Bicycles
535,Spa and Exercise Outfitters
536,Next Door Cycles
537,Preferable Bikes
538,Prosperous Tours
539,Glossy Bikes
540,Guaranteed Sales and Service
541,Nonskid Tire Company
542,Finer Parts Shop
543,Friendly Neighborhood Bikes
544,Valley Bicycle Specialists
545,Finish and Sealant Products
546,Field Trip Store
547,Curbside Sporting Goods
548,New Bikes Company
549,Daring Rides
550,Remote Bicycle Specialists
551,Vinyl and Plastic Goods Corporation
552,Consolidated Messenger
553,Accessories Network
554,Top of the Line Bikes
555,Twin Cycles
556,Variety Cycling
557,Purchase Mart
558,Retail Sales and Service
559,Some Discount Store
560,Major Sport Suppliers
561,Mountain Toy Store
562,Practical Bike Supply Company
563,Systematic Sales
564,Imported and Domestic Cycles
565,Metallic Paint and Overcoat Co
566,eCommerce Bikes
567,Global Plaza
568,Economy Center
569,Designated Distributors
570,Family's Favorite Bike Shop
571,Community Department Stores
572,Versatile Sporting Goods Company
573,Nationwide Supply
574,Area Sheet Metal Supply
575,Bicycle Outfitters
576,The Bike Mechanics
577,Synthetic Materials Manufacturing
578,The Bike Shop
579,Riders Company
580,Rural Sales and Service
581,Safe Toys
582,Professional Sales and Service
583,Professional Containers and Packaging Co.
584,Qualified Sales and Repair Services
585,Next-Door Bike Store
586,One Bike Company
587,Our Sporting Goods Store
588,General Cycle Storehouse
589,Hiatus Bike Tours
590,Lustrous Paints and Components
591,Fitness Discount Store
592,Cycling Goods
593,Expert Sports Store
594,Casual Bicycle Store
595,Cycle Clearance
596,Coho Sports
597,All Seasons Sports Supply
598,Black Bicycle Company
599,Westside Plaza
600,Strenuous Exercise Shop
601,Transport Bikes
602,Ultimate Bike Shop
603,Retail Toy Store
604,Sellers of Cycles
605,Outstanding Cycles
606,Little Bicycle Supply Shop
607,Maintenance and Repair for Bicycles
608,Golf and Cycle Store
609,Good Toys
610,Fitness Department Stores
611,Front Runner Bikes
612,General Associates
613,Famous Bike Shop
614,Favorite Toy Distributor
615,Fast Services
616,Eastward Bike Accessories
617,Tubeless Tire Company
618,Seventh Bike Store
619,Strong Metal Manufacturing
620,Tires and Tubes
621,Running and Cycling Gear
622,Gift and Toy Store
623,Hardware Components
624,First Cycle Store
625,Major Sporting Goods
626,Retail Sporting Goods
627,Exchange Parts Inc.
628,Executive Discount Store
629,Efficient Cycling
630,Eastside Parts Shop
631,Tandem Sales and Service
632,Ultimate Bicycle Company
633,Rustic Bike Store
634,Sensible Sports
635,Sports Store
636,Recreation Systems
637,Reliable Retail Center
638,Metropolitan Equipment
639,Producer Goods Clearinghouse
640,Liquidation Sales
641,Extended Tours
642,Fitness Sport Boutique
643,Friendly Bike Shop
644,Convenient Sales and Service
645,Superior Hardware Distributors
646,Yellow Bicycle Company
647,Solid Bike Parts
648,Small Bike Shop
649,Sports Products Store
650,Permanent Finish Products
651,Retread Tire Company
652,Selected Distributors
653,Mercantile Outlet
654,Online Bike Warehouse
655,Operational Manufacturing
656,Impervious Paint Company
657,Links Works
658,Mass Market Bikes
659,Shipping Specialists
660,Exhilarating Cycles
661,General Department Stores
662,Finer Sporting Goods
663,Capital Riding Supplies
664,Eastside Cycle Shop
665,Authentic Sales and Service
666,Bike Boutique
667,Traditional Department Stores
668,Official Parts Shop
669,Racing Bike Outlet
670,First Bike Store
671,"Contoso, Ltd."
672,Utilitarian Sporting Goods
673,Countryside Company
674,Discount Tours
675,Bike Goods 
676,Better Bike Shop
677,Tire Exchange
678,Vigorous Exercise Company
679,Superb Sales and Repair
680,Racing Tours
681,Showcase for Cycles
682,Popular Bike Lines
683,Oils and Fluids Warehouse
684,Lease-a-Bike Shop
685,Family Cycle Store
686,Finished Parts Shop
687,Functional Store South
688,Bike Part Wholesalers
689,Consumer Equipment
690,Active Cycling
691,Mountain Bike Store
692,Successful Sales Company
693,Stock Parts and Supplies
694,The Accessories Store
695,Responsible Bike Dealers
696,Roadway Supplies
697,Brakes and Gears
698,Western Bike Supplies
699,Sensational Discount Store
700,Underglaze and Finish Company
701,Future Bikes
29484,Next-Door Bike Store
29485,Professional Sales and Service
29486,Riders Company
29487,The Bike Mechanics
29488,Nationwide Supply
29489,Area Bike Accessories
29490,Bicycle Accessories and Kits
29491,Clamps & Brackets Co.
29492,Valley Bicycle Specialists
29493,New Bikes Company
29494,Vinyl and Plastic Goods Corporation
29495,Top of the Line Bikes
29496,Fun Toys and Bikes
29497,Great Bikes 
29498,Metropolitan Sales and Rental
29499,Valley Toy Store
29500,Worthwhile Activity Store
29501,Purchase Mart
29502,Major Sport Suppliers
29503,Family's Favorite Bike Shop
29504,Global Plaza
29505,Imported and Domestic Cycles
29506,Systematic Sales
29507,eCommerce Bikes
29508,Mountain Toy Store
29509,Retail Sales and Service
29510,Designated Distributors
29511,Bold Bike Accessories
29512,Twin Cycles
29513,Tiny Bike Boutique
29514,Acclaimed Bicycle Company
29515,Serious Cycles
29516,Quality Bike Sales
29517,Novelty Bikes
29518,Distinctive Cycles Sales & Service
29519,Leading Bike Distributors
29520,Activity Center
29521,Brightwork Company
29522,Resale Services
29523,The Gear Store
29524,Immense Manufacturing Company
29525,Extended Bike Sales
29526,Pedaling Components
29527,Workout Emporium
29528,Work and Play Association
29529,Seaside Bike Works
29530,Nice Bikes
29531,Remarkable Bike Store
29532,Road-Way Mart
29533,Small Cycle Store
29534,Blue-Ribbon Bike Company
29535,Grand Bicycle Stores
29536,Kickstand Sellers
29537,Nearest Bike Store
29538,Fast Bike Works
29539,Gasless Cycle Shop
29540,Lubricant and Grease Suppliers
29541,Transportation Options
29542,Capital Riding Supplies
29543,Bike Boutique
29544,Finer Cycle Shop
29545,Center Cycle Shop
29546,Bulk Discount Store
29547,Second Bike Shop
29548,First-Rate Outlet
29549,Juvenile Sports Equipment
29550,Another Bicycle Company
29551,Fourth Bike Store
29552,Rodeway Bike Store
29553,Unsurpassed Bikes
29554,Field Trip Inc
29555,Tire Company
29556,Uncompromising Quality Co
29557,Odometers and Accessories Company
29558,Scratch-Resistant Finishes Company
29559,Safe Cycles Shop
29560,Number 1 Supply
29561,Industrial Supplies
29562,Golf and Cycle Store
29563,Front Runner Bikes
29564,Favorite Toy Distributor
29565,World Bike Discount Store
29566,Historic Bicycle Sales
29567,Commuter Bicycle Store
29568,Coalition Bike Company
29569,Travel Systems
29570,Grease and Oil Products Company
29571,Moderately-Priced Bikes Store
29572,Eighty Toy Stores
29573,Economy Bikes Company
29574,Third Bike Store
29575,Atypical Bike Company
29576,Bikes for Two
29577,Metal Processing Company
29578,Widget Bicycle Specialists
29579,Initial Bike Company
29580,Latest Sports Equipment
29581,Modern Bike Store
29582,Raw Materials Inc
29583,Lots of Bikes Storehouse
29584,Futuristic Bikes
29585,Parcel Express Delivery Service
29586,North Bike Company
29587,Prosperous Tours
29588,Nonskid Tire Company
29589,Amalgamated Parts Shop
29590,Metro Bike Works
29591,Best o' Bikes
29592,Painters Bicycle Specialists
29593,Client Discount Store
29594,Eastside Sporting Goods
29595,Helmets and Cycles
29596,Requisite Part Supply
29597,Racks and Security Systems
29598,Mechanical Products Ltd.
29599,Commendable Bikes
29600,Online Bike Sellers
29601,Custom Accessories Company
29602,Unusual Bicycle Company
29603,Courteous Bicycle Specialists
29604,Hobby Store
29605,Professional Cycle Store
29606,Fifth Bike Store
29607,Rambling Tours
29608,Farthest Bike Store
29609,Excellent Bikes
29610,Curbside Universe
29611,Alternative Vehicles
29612,Channel Outlet
29613,Full Sports Supply
29614,Retail Mall
29615,Metro Metals Co.
29616,Sheet Metal Manufacturing
29617,Thorough Parts and Repair Services
29618,Uttermost Bike Shop
29619,Mechanical Sports Center
29620,Two-Wheeled Transit Company
29621,Mountain Emporium
29622,Metro Cycle Shop
29623,Outdoor Sporting Goods
29624,Tread Industries
29625,Petroleum Products Distributors
29626,Tandem Bicycle Store
29627,Bikes and Motorbikes
29628,Budget Toy Store
29629,Camping and Sports Store
29630,Ace Bicycle Supply
29631,Rural Department Store
29632,Sports Commodities
29633,Riverside Company
29634,Bicycle Exporters
29635,Responsible Bike Dealers
29636,Western Bike Supplies
29637,Advanced Bike Components
29638,Aerobic Exercise Company
29639,Corner Bicycle Supply
29640,Distance Bikes
29641,Westside Plaza
29642,Ultimate Bike Shop
29643,Outstanding Cycles
29644,Vigorous Sports Store
29645,Sports Merchandise
29646,Fitness Toy Store
29647,Casual Bicycle Store
29648,Fitness Discount Store
29649,General Cycle Storehouse
29650,Fitness Cycling
29651,Good Bike Shop
29652,Inexpensive Parts Shop
29653,Thrilling Bike Tours
29654,This Area Sporting Goods
29655,Full-Service Bike Store
29656,Plastic Products Manufacturers
29657,Kids and Adults Cycle Shop
29658,Grand Discount Store
29659,Genuine Bike Shop
29660,Extreme Riding Supplies
29661,Bike Rims Company
29662,Fleet Bikes
29663,Local Hardware Factory
29664,Only Bikes and Accessories
29665,Rental Gallery
29666,South Bike Company
29667,Wonderful Bikes Inc.
29668,Discount Bicycle Specialists
29669,Famous Bike Sales and Service
29670,First Supplies
29671,Machines & Cycles Store
29672,Pedals Warehouse
29673,Two Wheels Cycle Store
29674,Westside Cycle Store
29675,Wholesale Bikes
29676,Very Best Sports Supply
29677,Urban Sports Emporium
29678,Superlative Bikes
29679,Primary Cycle Shop
29680,Sixth Bike Store
29681,Touring Services
29682,Vehicle Shop
29683,First Department Stores
29684,Grand Sport Boutique
29685,Elemental Sporting Goods
29686,Distinctive Store
29687,Nearby Bike Mall
29688,Handy Bike Services
29689,Friendly Bike Shop
29690,Fashionable Bikes and Accessories
29691,Extreme Toy Store
29692,Citywide Service and Repair
29693,Best Cycle Store
29694,Professional Sporting Goods
29695,Rugged Bikes
29696,Principal Bike Company
29697,One-Piece Handle Bars
29698,Finer Riding Supplies
29699,Neighborhood Store
29700,Online Bike Catalog
29701,Outdoor Equipment Store
29702,Paint Supply
29703,Preferred Bikes
29704,Rally Day Mall
29705,Rewarding Activities Company
29706,Rich Department Store
29707,Sales and Supply Company
29708,Stationary Bikes and Stands
29709,Successful Sales Company
29710,Downtown Hotel
29711,Certified Sports Supply
29712,Registered Cycle Store
29713,Rampart Amusement Company
29714,Sundry Sporting Goods
29715,Excellent Riding Supplies
29716,Farthermost Bike Shop
29717,Suburban Cycle Shop
29718,Weekend Tours
29719,Racing Bike Outlet
29720,Utilitarian Sporting Goods
29721,Bike Goods 
29722,Vigorous Exercise Company
29723,Showcase for Cycles
29724,Lease-a-Bike Shop
29725,Functional Store South
29726,Active Cycling
29727,Stock Parts and Supplies
29728,Roadway Supplies
29729,Sensational Discount Store
29730,Future Bikes
29731,Super Sports Store
29732,Satin Finish Company
29733,Regional Manufacturing
29734,Original Bicycle Supply Company
29735,First Center
29736,Action Bicycle Specialists
29737,Roadway Bike Emporium
29738,Sleek Bikes 
29739,Retail Sporting Equipment
29740,Price-Cutter Discount Bikes
29741,Central Bicycle Specialists
29742,Vast Bike Sales and Rental
29743,Summer Sports Place
29744,Real Sporting Goods
29745,Versatile Sporting Goods Company
29746,Bicycle Outfitters
29747,The Bike Shop
29748,Safe Toys
29749,Qualified Sales and Repair Services
29750,Our Sporting Goods Store
29751,Lustrous Paints and Components
29752,Expert Sports Store
29753,Coho Sports
29754,Jumbo Bikes
29755,Quick Delivery Service
29756,Tough and Reliable Parts
29757,Basic Sports Equipment
29758,Cash & Carry Bikes
29759,Convenient Bike Shop
29760,Fitness Bike Accessories
29761,General Bike Corporation
29762,Quitting Business Distributors
29763,Retail Cycle Shop
29764,Social Activities Club
29765,Blue Bicycle Company
29766,General Riding Supplies
29767,Parts Shop
29768,Riding Excursions
29769,Unique Bikes
29770,Rural Cycle Emporium
29771,Associated Bikes
29772,Modular Cycle Systems
29773,A Bike Store
29774,Journey Sporting Goods
29775,Two Bike Shops
29776,Cycles Wholesaler & Mfg.
29777,Wheels Inc.
29778,Number One Bike Co.
29779,Racing Supply Distributors
29780,Standard Bikes
29781,The Bicycle Accessories Company
29782,Active Systems
29783,Futuristic Sport Distributors
29784,Big-Time Bike Store
29785,The Showroom
29786,Spa and Exercise Outfitters
29787,Year-Round Sports
29788,The New Bike Store
29789,Primary Bike Distributors
29790,Major Bicycle Store
29791,Leather and Vinyl Manufacturing
29792,Genial Bike Associates
29793,Commercial Sporting Goods
29794,Wholesale Parts
29795,Steel Inc.
29796,Riding Cycles
29797,Metro Manufacturing
29798,Manufacturers Inc
29799,Locks Company
29800,Latest Accessories Sales
29801,Incomparable Bicycle Store
29802,Hometown Riding Supplies
29803,Greater Bike Store
29804,Games and Sport Supply Company
29805,Distant Inn
29806,Finer Mart
29807,Cross-Country Riding Supplies
29808,Stylish Department Stores
29809,Bike World
29810,Central Discount Store
29811,Trusted Catalog Store
29812,Bicycle Warehouse Inc.
29813,Sharp Bikes
29814,Exemplary Cycles
29815,Metropolitan Sports Supply
29816,Progressive Sports
29817,Underglaze and Finish Company
29818,Brakes and Gears
29819,The Accessories Store
29820,Mountain Bike Store
29821,Bike Part Wholesalers
29822,Family Cycle Store
29823,Popular Bike Lines
29824,Superb Sales and Repair
29825,Better Bike Shop
29826,Countryside Company
29827,First Bike Store
29828,Traditional Department Stores
29829,Eastside Cycle Shop
29830,General Department Stores
29831,Operational Manufacturing
29832,Online Bike Warehouse
29833,Retread Tire Company
29834,Small Bike Shop
29835,Superior Hardware Distributors
29836,Fitness Sport Boutique
29837,Producer Goods Clearinghouse
29838,Recreation Systems
29839,Rustic Bike Store
29840,Eastside Parts Shop
29841,Exchange Parts Inc.
29842,First Cycle Store
29843,Running and Cycling Gear
29844,Seventh Bike Store
29845,Fast Services
29846,General Associates
29847,Good Toys
29848,Little Bicycle Supply Shop
29849,Retail Toy Store
29850,All Seasons Sports Supply
29851,Leisure Clearing House
29852,The Commissary
29853,Affordable Sports Equipment
29854,Local Sales and Rental
29855,Economy Center
29856,Community Department Stores
29857,Area Sheet Metal Supply
29858,Synthetic Materials Manufacturing
29859,Rural Sales and Service
29860,Tubeless Tire Company
29861,Hardware Components
29862,Retail Sporting Goods
29863,Efficient Cycling
29864,General Industries
29865,Highway Bike Shop
29866,Rental Bikes
29867,Roving Sports
29868,Express Bike Services
29869,Major Amusement Company
29870,Retail Discount Store
29871,Vale Riding Supplies
29872,A Great Bicycle Company
29873,Certified Bicycle Supply
29874,Exceptional Cycle Services
29875,Instant Cycle Store
29876,Leisure Activities
29877,Paints and Solvents Company
29878,West Wind Distributors
29879,Bikes for Kids and Adults
29880,Consolidated Sales
29881,Home Town Bike Store
29882,Optimal Bikes
29883,Sample Bike Store
29884,Extras Sporting Goods
29885,Sure & Reliable Sporting Goods
29886,Eleventh Bike Store
29887,Enterprise Center
29888,New and Used Bicycles
29889,Separate Parts Corporation
29890,Basic Bike Company
29891,"Fabrikam Inc., West"
29892,Non-Slip Pedal Company
29893,Weekend Bike Tours
29894,"Fabrikam Inc., East"
29895,General Supplies
29896,Noiseless Gear Company
29897,Racing Toys
29898,Capable Sales and Service
29899,Pretty Bikes and Toys
29900,Road Way Sales and Rental
29901,Sturdy Toys
29902,Beneficial Exercises and Activities
29903,Fad Outlet
29904,Commerce Bicycle Specialists
29905,Acceptable Sales & Service
29906,District Mall
29907,Fitness Supplies
29908,Mail Market
29909,Spare Parts Co.
29910,Twelfth Bike Store
29911,Consolidated Messenger
29912,Daring Rides
29913,Field Trip Store
29914,Finish and Sealant Products
29915,Finer Parts Shop
29916,Glossy Bikes
29917,Next Door Cycles
29918,Up-To-Date Sports
29919,Mountain Bike Center
29920,Specialty Sports Store
29921,Scooters and Bikes Store
29922,Closest Bicycle Store
29923,Roadway Bicycle Supply
29924,Reasonable Bicycle Sales
29925,Outdoor Sports Supply
29926,Outdoor Aerobic Systems Company
29927,Self-Contained Cycle Parts Company
29928,Metal Clearing House
29929,Many Bikes Store
29930,Largest Bike Store
29931,Kickstands and Accessories Company
29932,Instruments and Parts Company
29933,Neighborhood Bicycle Storehouse
29934,Gear-Shift Bikes Limited
29935,Frugal Bike Shop
29936,Family Entertainment Center
29937,Go-cart and Bike Specialists
29938,Trailblazing Sports
29939,Racing Partners
29940,Perfect Toys
29941,Exhibition Showroom
29942,Authorized Bike Sales and Rental
29943,Two-Seater Bikes
29944,More Bikes!
29945,Unified Sports Company
29946,National Manufacturing
29947,Wheelsets Storehouse
29948,Town Industries
29949,Security Racks and Locks Wholesalers
29950,Rapid Bikes
29951,Metro Sports Equipment
29952,Nearby Sporting Goods
29953,Front Sporting Goods
29954,Elite Bikes
29955,Catalog Store
29956,Chic Department Stores
29957,Eastside Department Store
29958,Sports Sales and Rental
29959,Cycle Merchants
29960,Global Sports Outlet
29961,Exotic Bikes
29962,Fitness Hotel
29963,Every Bike Shop
29964,Grand Industries
29965,Ideal Components
29966,Larger Cycle Shop
29967,Leading Sales & Repair
29968,Metro Bike Mart
29969,Tandem Sales and Service
29970,Sensible Sports
29971,Reliable Retail Center
29972,Liquidation Sales
29973,Friendly Bike Shop
29974,Yellow Bicycle Company
29975,Sports Products Store
29976,Selected Distributors
29977,Impervious Paint Company
29978,Shipping Specialists
29979,Finer Sporting Goods
29980,Authentic Sales and Service
29981,Official Parts Shop
29982,Discount Tours
29983,Tire Exchange
29984,Racing Tours
29985,Oils and Fluids Warehouse
29986,Finished Parts Shop
29987,Rally Master Company Inc
29988,Professional Cyclists
29989,Sports Products Store
29990,Exclusive Bicycle Mart
29991,City Manufacturing
29992,Bike Dealers Association
29993,Pedal Systems Company
29994,"Health Spa, Limited"
29995,Global Bike Retailers
29996,Fashionable Department Stores
29997,Closeout Boutique
29998,Bicycle Merchandise Warehouse
29999,Spoke Manufacturers
30000,Leather Seat Factory
30001,Good Bicycle Store
30002,Endurance Bikes
30003,Practical Bike Supply Company
30004,Some Discount Store
30005,Variety Cycling
30006,Accessories Network
30007,Remote Bicycle Specialists
30008,Friendly Neighborhood Bikes
30009,Guaranteed Sales and Service
30010,Recommended Bicycles
30011,Sunny Place Bikes
30012,Alpine Ski House
30013,Cycles and Scooters
30014,Small Bike Accessories Shop
30015,List Price Catalog Company
30016,Seats and Saddles Company
30017,Village Tours
30018,All Cycle Shop
30019,Tachometers and Accessories
30020,Cycles Sales and Repair
30021,Low Price Cycles
30022,Metropolitan Manufacturing
30023,Orange Bicycle Company
30024,Riding Associates
30025,Essential Bike Works
30026,Rural Mountain Bike Mart
30027,Engineered Bike Systems
30028,Professional Containers and Packaging Co.
30029,One Bike Company
30030,Cycling Goods
30031,Cycle Clearance
30032,Black Bicycle Company
30033,Transport Bikes
30034,Sellers of Cycles
30035,Maintenance and Repair for Bicycles
30036,Fitness Department Stores
30037,Famous Bike Shop
30038,Eastward Bike Accessories
30039,Gift and Toy Store
30040,Major Sporting Goods
30041,Executive Discount Store
30042,Major Cycling
30043,Getaway Inn
30044,Downhill Bicycle Specialists
30045,Bike Experts
30046,Extraordinary Bike Works
30047,Valley Bicycle Distributors
30048,Top Sports Supply
30049,Racing Sales and Service
30050,Metropolitan Bicycle Supply
30051,Honest Repair Service
30052,Wheel Gallery
30053,Top Bike Market
30054,Grown-up Bike Store
30055,Bicycle Lines Distributors
30056,Sparkling Paint and Finishes
30057,Racing Association
30058,Plastic Parts Company
30059,Gears and Parts Company
30060,Executive Gift Store
30061,Big Cycle Mall
30062,Budget Bike Company
30063,Eighth Bike Store
30064,Demand Distributors
30065,Immediate Repair Shop
30066,Off-Price Bike Center
30067,Red Bicycle Company
30068,Retirement Activities Association
30069,Trendy Department Stores
30070,Vintage Sport Boutique
30071,Travel Sports
30072,West Side Mart
30073,The Bike Outlet
30074,Tenth Bike Store
30075,Valuable Bike Parts Company
30076,Fun Times Club
30077,Chain and Chain Tool Distributions
30078,Mobile Outlet
30079,Regional Cycle Shop
30080,Wingtip Toys
30081,The Cycle Store
30082,Educational Services
30083,Active Life Toys
30084,Simple Bike Parts
30085,Bike Products and Accessories
30086,Fitness Toys
30087,Quick Parts and Service
30088,Reliable Brake Systems
30089,Thrifty Parts and Sales
30090,A Typical Bike Shop
30091,Active Transport Inc.
30092,Cycle Parts and Accessories
30093,Fasteners & Bolts Outlet
30094,Quantity Discounts
30095,Swift Cycles
30096,Classic Cycle Store
30097,Helpful Sales and Repair Service 
30098,Large Bike Shop
30099,Recreation Supplies
30100,Wire Baskets and Parts
30101,Ultimate Bicycle Company
30102,Sports Store
30103,Metropolitan Equipment
30104,Extended Tours
30105,Convenient Sales and Service
30106,Solid Bike Parts
30107,Permanent Finish Products
30108,Mercantile Outlet
30109,Exhilarating Cycles
30110,Exercise Center
30111,Great Bicycle Supply
30112,Mail-Order Outlet
30113,Nearby Cycle Shop
30114,Recreation Toy Store
30115,Retreat Inn
30116,Technical Parts Manufacturing
30117,Totes & Baskets Company
30118,World of Bikes
